#ip,ioc
1.116.129.79,Possible Viper IP (Unverified)
1.117.102.41,Possible Supershell IP (Unverified)
1.117.175.65,Possible Viper IP (Unverified)
1.117.49.216,Possible Viper IP (Unverified)
1.117.60.33,Possible Viper IP (Unverified)
1.12.226.211,Possible Supershell IP (Unverified)
1.12.75.100,Possible Viper IP (Unverified)
1.13.101.57,Possible Viper IP (Unverified)
1.13.15.130,Possible Viper IP (Unverified)
1.13.171.183,Possible Viper IP (Unverified)
1.13.23.114,Possible Viper IP (Unverified)
1.14.12.127,Possible Viper IP (Unverified)
1.14.194.105,Possible Viper IP (Unverified)
1.14.65.206,Possible Viper IP (Unverified)
1.14.71.236,Possible Viper IP (Unverified)
1.14.8.189,Possible Viper IP (Unverified)
1.14.95.143,Possible Viper IP (Unverified)
1.14.96.24,Possible Viper IP (Unverified)
1.15.134.123,Possible Viper IP (Unverified)
1.15.180.75,Possible Viper IP (Unverified)
1.15.181.217,Possible Viper IP (Unverified)
1.15.184.125,Possible Viper IP (Unverified)
1.15.245.245,Possible Supershell IP (Unverified)
1.15.56.125,Possible Viper IP (Unverified)
1.163.31.7,Possible Supershell IP (Unverified)
1.221.179.74,Possible Qakbot IP (Unverified)
1.92.92.107,Possible Viper IP (Unverified)
1.94.50.200,Possible Viper IP (Unverified)
100.2.41.26,Possible Qakbot IP (Unverified)
100.25.110.137,Possible DcRat IP (Unverified)
101.132.153.56,Possible Viper IP (Unverified)
101.132.180.62,Possible Viper IP (Unverified)
101.132.38.21,Possible Viper IP (Unverified)
101.200.171.5,Possible Viper IP (Unverified)
101.200.233.32,Possible Viper IP (Unverified)
101.201.69.129,Possible Viper IP (Unverified)
101.33.116.17,Possible Havoc IP (Unverified)
101.33.210.14,Possible Viper IP (Unverified)
101.33.231.180,Possible Viper IP (Unverified)
101.33.243.179,Possible Viper IP (Unverified)
101.34.19.31,Possible Viper IP (Unverified)
101.34.207.161,Possible Viper IP (Unverified)
101.34.222.38,Possible Viper IP (Unverified)
101.34.229.123,Possible Supershell IP (Unverified)
101.34.26.70,Possible Viper IP (Unverified)
101.34.41.126,Possible Viper IP (Unverified)
101.34.52.52,Possible Viper IP (Unverified)
101.34.71.193,Possible Supershell IP (Unverified)
101.35.172.163,Possible Sliver IP (Unverified)
101.35.197.155,Possible Viper IP (Unverified)
101.35.198.64,Possible Viper IP (Unverified)
101.35.234.201,Possible Sliver IP (Unverified)
101.35.42.14,Possible Viper IP (Unverified)
101.35.48.211,Possible Viper IP (Unverified)
101.35.55.223,Possible Viper IP (Unverified)
101.37.24.170,Possible Viper IP (Unverified)
101.42.141.237,Possible Supershell IP (Unverified)
101.42.164.92,Possible Viper IP (Unverified)
101.42.246.105,Possible Havoc IP (Unverified)
101.42.27.149,Possible Viper IP (Unverified)
101.42.39.110,Possible Viper IP (Unverified)
101.43.127.45,Possible Supershell IP (Unverified)
101.43.129.115,Possible Viper IP (Unverified)
101.43.146.127,Possible Supershell IP (Unverified)
101.43.149.73,Possible Supershell IP (Unverified)
101.43.15.210,Possible Viper IP (Unverified)
101.43.169.72,Possible Viper IP (Unverified)
101.43.211.190,Possible Viper IP (Unverified)
101.43.25.21,Possible Viper IP (Unverified)
101.43.38.242,Possible Viper IP (Unverified)
101.43.51.99,Possible Viper IP (Unverified)
101.43.72.227,Possible Viper IP (Unverified)
101.43.75.159,Possible Viper IP (Unverified)
101.43.8.103,Possible Viper IP (Unverified)
101.43.90.184,Possible Viper IP (Unverified)
102.113.114.14,Possible Qakbot IP (Unverified)
102.113.8.88,Possible Qakbot IP (Unverified)
102.113.96.178,Possible Qakbot IP (Unverified)
102.156.106.100,Possible Qakbot IP (Unverified)
102.156.156.73,Possible Qakbot IP (Unverified)
102.156.219.115,Possible Qakbot IP (Unverified)
102.156.247.195,Possible Qakbot IP (Unverified)
102.157.0.201,Possible Qakbot IP (Unverified)
102.159.105.82,Possible Qakbot IP (Unverified)
102.159.123.198,Possible Qakbot IP (Unverified)
102.159.175.39,Possible Qakbot IP (Unverified)
102.159.26.170,Possible Qakbot IP (Unverified)
103.106.190.156,Possible Supershell IP (Unverified)
103.116.245.130,Possible Viper IP (Unverified)
103.116.245.63,Possible Viper IP (Unverified)
103.13.229.67,Possible Pupy RAT IP (Unverified)
103.133.177.130,Possible Viper IP (Unverified)
103.139.242.90,Possible Qakbot IP (Unverified)
103.140.187.203,Possible Mythic IP (Unverified)
103.141.50.67,Possible Qakbot IP (Unverified)
103.141.68.145,Possible Covenant IP (Unverified)
103.143.28.35,Possible Viper IP (Unverified)
103.143.28.36,Possible Viper IP (Unverified)
103.143.28.37,Possible Viper IP (Unverified)
103.144.240.21,Possible DcRat IP (Unverified)
103.146.50.130,Possible Viper IP (Unverified)
103.159.133.163,Possible Sliver IP (Unverified)
103.169.85.3,Possible Qakbot IP (Unverified)
103.185.249.119,Possible Viper IP (Unverified)
103.186.108.229,Possible DcRat IP (Unverified)
103.20.235.195,Possible Bianlian Go Trojan IP (Unverified)
103.207.166.64,Possible Viper IP (Unverified)
103.207.166.75,Possible Viper IP (Unverified)
103.207.166.77,Possible Viper IP (Unverified)
103.209.129.193,Possible Supershell IP (Unverified)
103.230.15.224,Possible Supershell IP (Unverified)
103.231.14.158,Possible Viper IP (Unverified)
103.233.9.199,Possible Viper IP (Unverified)
103.234.72.216,Possible Supershell IP (Unverified)
103.234.72.31,Possible Supershell IP (Unverified)
103.234.72.49,Possible Supershell IP (Unverified)
103.253.43.146,Possible Havoc IP (Unverified)
103.27.186.185,Possible Pupy RAT IP (Unverified)
103.37.234.38,Possible Viper IP (Unverified)
103.37.234.39,Possible Viper IP (Unverified)
103.37.234.40,Possible Viper IP (Unverified)
103.37.234.41,Possible Viper IP (Unverified)
103.37.234.42,Possible Viper IP (Unverified)
103.38.83.75,Possible Supershell IP (Unverified)
103.57.250.152,Possible Bianlian Go Trojan IP (Unverified)
103.74.192.15,Possible Supershell IP (Unverified)
103.79.76.40,Possible Pupy RAT IP (Unverified)
104.152.209.148,Possible Supershell IP (Unverified)
104.156.232.19,Possible Pupy RAT IP (Unverified)
104.168.117.105,Possible Brute Ratel C4 IP (Unverified)
104.168.163.200,Possible Pupy RAT IP (Unverified)
104.194.232.55,Possible Supershell IP (Unverified)
104.194.78.224,Possible Viper IP (Unverified)
104.200.28.75,Possible Pikabot IP (Unverified)
104.214.231.190,Possible Responder IP (Unverified)
104.225.129.137,Possible Sliver IP (Unverified)
104.225.232.136,Possible Supershell IP (Unverified)
104.233.140.138,Possible Supershell IP (Unverified)
104.237.145.83,Possible Pikabot IP (Unverified)
104.238.187.71,Possible Mythic IP (Unverified)
104.238.34.130,Possible Bianlian Go Trojan IP (Unverified)
104.238.35.163,Possible Bianlian Go Trojan IP (Unverified)
104.238.60.64,Possible Bianlian Go Trojan IP (Unverified)
104.238.60.84,Possible Bianlian Go Trojan IP (Unverified)
104.238.61.150,Possible Bianlian Go Trojan IP (Unverified)
104.243.47.82,Possible Viper IP (Unverified)
104.244.74.178,Possible Sliver IP (Unverified)
104.248.88.172,Possible Mythic IP (Unverified)
104.36.229.15,Possible Bianlian Go Trojan IP (Unverified)
104.37.184.181,Possible Brute Ratel C4 IP (Unverified)
105.103.47.54,Possible Qakbot IP (Unverified)
105.108.15.91,Possible Qakbot IP (Unverified)
105.108.241.208,Possible Qakbot IP (Unverified)
105.108.28.61,Possible Qakbot IP (Unverified)
105.186.229.243,Possible Qakbot IP (Unverified)
105.224.21.193,Possible Qakbot IP (Unverified)
105.224.22.137,Possible Qakbot IP (Unverified)
105.224.22.55,Possible Qakbot IP (Unverified)
106.12.146.25,Possible Supershell IP (Unverified)
106.13.13.1,Possible Viper IP (Unverified)
106.13.206.236,Possible Viper IP (Unverified)
106.14.141.187,Possible Viper IP (Unverified)
106.14.147.179,Possible Pupy RAT IP (Unverified)
106.14.158.153,Possible Sliver IP (Unverified)
106.14.38.113,Possible Viper IP (Unverified)
106.15.6.181,Possible Supershell IP (Unverified)
106.225.224.51,Possible Supershell IP (Unverified)
106.225.224.83,Possible Supershell IP (Unverified)
106.225.224.84,Possible Supershell IP (Unverified)
106.225.224.85,Possible Supershell IP (Unverified)
106.225.224.87,Possible Supershell IP (Unverified)
106.225.224.88,Possible Supershell IP (Unverified)
106.225.224.89,Possible Supershell IP (Unverified)
106.52.216.39,Possible Supershell IP (Unverified)
106.52.235.23,Possible Viper IP (Unverified)
106.52.253.80,Possible Viper IP (Unverified)
106.52.67.167,Possible Viper IP (Unverified)
106.52.97.36,Possible Viper IP (Unverified)
106.53.97.219,Possible Viper IP (Unverified)
106.55.107.93,Possible Supershell IP (Unverified)
106.55.55.203,Possible Viper IP (Unverified)
106.75.229.132,Possible Deimos IP (Unverified)
106.75.24.63,Possible Pupy RAT IP (Unverified)
107.146.12.26,Possible Qakbot IP (Unverified)
107.148.47.5,Possible Viper IP (Unverified)
107.148.9.252,Possible Brute Ratel C4 IP (Unverified)
107.151.244.97,Possible Viper IP (Unverified)
107.151.245.165,Possible Supershell IP (Unverified)
107.152.44.183,Possible Pupy RAT IP (Unverified)
107.152.44.191,Possible Pupy RAT IP (Unverified)
107.172.141.153,Possible Supershell IP (Unverified)
107.172.143.55,Possible Viper IP (Unverified)
107.172.16.106,Possible Supershell IP (Unverified)
107.172.43.167,Possible Supershell IP (Unverified)
107.172.78.188,Possible Viper IP (Unverified)
107.172.78.195,Possible Viper IP (Unverified)
107.172.90.70,Possible Viper IP (Unverified)
107.172.96.29,Possible Viper IP (Unverified)
107.173.154.18,Possible Viper IP (Unverified)
107.173.201.235,Possible Supershell IP (Unverified)
107.173.248.142,Possible Viper IP (Unverified)
107.174.186.22,Possible Viper IP (Unverified)
107.174.69.212,Possible Viper IP (Unverified)
107.174.90.202,Possible Supershell IP (Unverified)
107.174.95.93,Possible Supershell IP (Unverified)
107.175.172.131,Possible Supershell IP (Unverified)
107.189.11.113,Possible Supershell IP (Unverified)
108.11.193.244,Possible Responder IP (Unverified)
108.165.211.153,Possible Viper IP (Unverified)
108.166.206.202,Possible Sliver IP (Unverified)
108.173.87.43,Possible Qakbot IP (Unverified)
108.174.60.151,Possible Bianlian Go Trojan IP (Unverified)
108.4.77.65,Possible Qakbot IP (Unverified)
108.49.159.2,Possible Qakbot IP (Unverified)
108.60.140.40,Possible Responder IP (Unverified)
108.61.242.65,Possible Pupy RAT IP (Unverified)
109.106.255.148,Possible Havoc IP (Unverified)
109.128.233.165,Possible Qakbot IP (Unverified)
109.153.244.129,Possible Qakbot IP (Unverified)
110.173.59.146,Possible Sliver IP (Unverified)
110.173.59.147,Possible Sliver IP (Unverified)
110.40.154.100,Possible Viper IP (Unverified)
110.40.177.201,Possible Viper IP (Unverified)
110.40.196.45,Possible Supershell IP (Unverified)
110.40.220.2,Possible Viper IP (Unverified)
110.41.130.64,Possible Viper IP (Unverified)
110.41.142.241,Possible Viper IP (Unverified)
110.41.185.246,Possible Supershell IP (Unverified)
110.42.140.177,Possible Viper IP (Unverified)
110.42.192.76,Possible Viper IP (Unverified)
110.42.213.116,Possible Viper IP (Unverified)
110.42.222.61,Possible Supershell IP (Unverified)
110.72.96.130,Possible Supershell IP (Unverified)
111.229.10.212,Possible Viper IP (Unverified)
111.229.134.243,Possible Viper IP (Unverified)
111.229.142.238,Possible Sliver IP (Unverified)
111.229.184.32,Possible Viper IP (Unverified)
111.230.19.96,Possible Viper IP (Unverified)
111.230.242.229,Possible Supershell IP (Unverified)
111.230.46.249,Possible Viper IP (Unverified)
111.230.53.73,Possible Viper IP (Unverified)
111.230.89.66,Possible Supershell IP (Unverified)
111.231.26.117,Possible Viper IP (Unverified)
111.231.28.30,Possible Supershell IP (Unverified)
111.231.31.198,Possible Viper IP (Unverified)
111.68.7.122,Possible Sliver IP (Unverified)
111.68.7.123,Possible Sliver IP (Unverified)
111.90.148.125,Possible Havoc IP (Unverified)
112.121.164.202,Possible Supershell IP (Unverified)
112.121.164.203,Possible Supershell IP (Unverified)
112.121.164.204,Possible Supershell IP (Unverified)
112.121.164.205,Possible Supershell IP (Unverified)
112.121.164.206,Possible Supershell IP (Unverified)
112.124.6.100,Possible Viper IP (Unverified)
112.213.101.35,Possible DcRat IP (Unverified)
112.213.101.67,Possible DcRat IP (Unverified)
112.213.101.73,Possible DcRat IP (Unverified)
112.29.177.34,Possible Deimos IP (Unverified)
112.29.180.28,Possible Deimos IP (Unverified)
112.74.43.190,Possible Viper IP (Unverified)
112.74.76.111,Possible Viper IP (Unverified)
113.108.52.214,Possible Deimos IP (Unverified)
113.11.92.30,Possible Qakbot IP (Unverified)
113.207.105.235,Possible Supershell IP (Unverified)
114.115.129.145,Possible Viper IP (Unverified)
114.115.129.32,Possible Pupy RAT IP (Unverified)
114.115.136.195,Possible Viper IP (Unverified)
114.115.150.178,Possible Viper IP (Unverified)
114.115.156.105,Possible Viper IP (Unverified)
114.115.180.116,Possible Supershell IP (Unverified)
114.115.219.36,Possible Viper IP (Unverified)
114.116.231.82,Possible Viper IP (Unverified)
114.116.29.168,Possible Viper IP (Unverified)
114.132.222.201,Possible Viper IP (Unverified)
114.132.74.172,Possible Viper IP (Unverified)
115.126.59.119,Possible Viper IP (Unverified)
115.126.98.74,Possible Viper IP (Unverified)
115.178.77.142,Possible Deimos IP (Unverified)
115.178.77.145,Possible Deimos IP (Unverified)
115.227.22.82,Possible Supershell IP (Unverified)
116.196.98.0,Possible Viper IP (Unverified)
116.198.18.134,Possible Viper IP (Unverified)
116.198.52.236,Possible Viper IP (Unverified)
116.204.72.140,Possible Viper IP (Unverified)
116.204.91.166,Possible Viper IP (Unverified)
116.205.230.166,Possible Viper IP (Unverified)
116.211.120.25,Possible Viper IP (Unverified)
116.212.120.16,Possible Viper IP (Unverified)
116.62.119.33,Possible Viper IP (Unverified)
116.62.47.216,Possible Supershell IP (Unverified)
116.63.163.221,Possible Viper IP (Unverified)
117.215.21.86,Possible Qakbot IP (Unverified)
117.50.174.75,Possible Viper IP (Unverified)
117.50.178.215,Possible Viper IP (Unverified)
117.50.183.136,Possible Viper IP (Unverified)
117.50.184.22,Possible Supershell IP (Unverified)
117.50.187.242,Possible Viper IP (Unverified)
117.50.187.73,Possible Viper IP (Unverified)
117.50.188.226,Possible Viper IP (Unverified)
117.50.46.103,Possible Viper IP (Unverified)
117.78.2.200,Possible Viper IP (Unverified)
117.85.8.36,Possible Viper IP (Unverified)
117.89.254.54,Possible Viper IP (Unverified)
117.89.254.57,Possible Viper IP (Unverified)
118.184.186.182,Possible Sliver IP (Unverified)
118.193.37.157,Possible Sliver IP (Unverified)
118.193.72.148,Possible Responder IP (Unverified)
118.195.198.108,Possible Viper IP (Unverified)
118.24.124.26,Possible Viper IP (Unverified)
118.24.128.204,Possible Supershell IP (Unverified)
118.25.142.205,Possible Sliver IP (Unverified)
118.31.72.66,Possible Mythic IP (Unverified)
118.31.78.67,Possible Viper IP (Unverified)
118.89.118.234,Possible Supershell IP (Unverified)
118.89.125.163,Possible Viper IP (Unverified)
118.89.125.171,Possible Supershell IP (Unverified)
118.89.85.106,Possible DcRat IP (Unverified)
118.89.91.181,Possible Viper IP (Unverified)
119.23.78.17,Possible Viper IP (Unverified)
119.45.139.141,Possible Supershell IP (Unverified)
119.45.190.210,Possible Supershell IP (Unverified)
119.91.140.120,Possible Viper IP (Unverified)
119.91.210.96,Possible Viper IP (Unverified)
119.91.216.218,Possible Viper IP (Unverified)
119.91.219.120,Possible Viper IP (Unverified)
119.91.227.123,Possible Viper IP (Unverified)
119.91.26.244,Possible Viper IP (Unverified)
119.91.31.246,Possible Viper IP (Unverified)
119.91.45.113,Possible Supershell IP (Unverified)
119.91.65.104,Possible Viper IP (Unverified)
120.150.34.178,Possible Qakbot IP (Unverified)
120.196.99.51,Possible Deimos IP (Unverified)
120.196.99.65,Possible Deimos IP (Unverified)
120.196.99.89,Possible Deimos IP (Unverified)
120.201.231.90,Possible Viper IP (Unverified)
120.27.225.229,Possible Supershell IP (Unverified)
120.46.138.126,Possible Mythic IP (Unverified)
120.46.197.194,Possible Supershell IP (Unverified)
120.46.200.201,Possible Viper IP (Unverified)
120.46.202.173,Possible Viper IP (Unverified)
120.46.212.177,Possible Viper IP (Unverified)
120.46.223.146,Possible Viper IP (Unverified)
120.46.35.190,Possible Viper IP (Unverified)
120.48.110.233,Possible Bianlian Go Trojan IP (Unverified)
120.48.111.149,Possible Viper IP (Unverified)
120.53.84.242,Possible Viper IP (Unverified)
120.53.93.251,Possible Havoc IP (Unverified)
120.55.191.186,Possible Viper IP (Unverified)
120.55.60.15,Possible Viper IP (Unverified)
120.78.89.246,Possible Viper IP (Unverified)
120.79.11.13,Possible Viper IP (Unverified)
120.79.157.3,Possible Viper IP (Unverified)
120.79.67.194,Possible Viper IP (Unverified)
121.147.122.230,Possible Qakbot IP (Unverified)
121.199.7.166,Possible Viper IP (Unverified)
121.229.36.89,Possible Viper IP (Unverified)
121.36.105.186,Possible Supershell IP (Unverified)
121.36.219.56,Possible Supershell IP (Unverified)
121.36.248.151,Possible Supershell IP (Unverified)
121.36.97.135,Possible Supershell IP (Unverified)
121.37.165.107,Possible Supershell IP (Unverified)
121.37.206.95,Possible Viper IP (Unverified)
121.37.21.229,Possible Supershell IP (Unverified)
121.37.225.44,Possible Viper IP (Unverified)
121.37.237.40,Possible Supershell IP (Unverified)
121.4.12.202,Possible Viper IP (Unverified)
121.4.218.215,Possible Viper IP (Unverified)
121.4.83.152,Possible Viper IP (Unverified)
121.4.87.127,Possible Viper IP (Unverified)
121.4.93.148,Possible Viper IP (Unverified)
121.40.111.130,Possible Supershell IP (Unverified)
121.40.170.102,Possible Viper IP (Unverified)
121.40.255.95,Possible Viper IP (Unverified)
121.41.93.246,Possible Viper IP (Unverified)
121.43.96.206,Possible Viper IP (Unverified)
121.5.109.219,Possible Supershell IP (Unverified)
121.5.147.57,Possible Viper IP (Unverified)
121.5.63.55,Possible Viper IP (Unverified)
121.5.64.8,Possible Viper IP (Unverified)
121.89.195.38,Possible Viper IP (Unverified)
122.152.237.101,Possible Viper IP (Unverified)
122.226.191.252,Possible Bianlian Go Trojan IP (Unverified)
122.51.215.152,Possible Supershell IP (Unverified)
122.51.46.61,Possible Supershell IP (Unverified)
122.51.46.83,Possible Supershell IP (Unverified)
122.51.73.163,Possible Viper IP (Unverified)
122.51.97.82,Possible Viper IP (Unverified)
122.9.160.41,Possible Viper IP (Unverified)
123.207.13.11,Possible Viper IP (Unverified)
123.207.203.249,Possible Viper IP (Unverified)
123.249.102.40,Possible Viper IP (Unverified)
123.249.14.140,Possible Viper IP (Unverified)
123.249.37.103,Possible Viper IP (Unverified)
123.249.41.106,Possible Viper IP (Unverified)
123.249.87.1,Possible Supershell IP (Unverified)
123.249.88.252,Possible Sliver IP (Unverified)
123.3.240.16,Possible Qakbot IP (Unverified)
123.57.182.3,Possible Supershell IP (Unverified)
123.57.217.63,Possible Viper IP (Unverified)
123.57.77.11,Possible Viper IP (Unverified)
123.60.168.74,Possible Supershell IP (Unverified)
123.60.186.136,Possible Viper IP (Unverified)
123.60.48.76,Possible Viper IP (Unverified)
123.60.67.177,Possible Viper IP (Unverified)
123.60.72.189,Possible Viper IP (Unverified)
123.60.74.61,Possible Supershell IP (Unverified)
124.119.23.169,Possible Viper IP (Unverified)
124.156.185.41,Possible Supershell IP (Unverified)
124.220.161.214,Possible Viper IP (Unverified)
124.220.19.159,Possible Viper IP (Unverified)
124.220.210.155,Possible Supershell IP (Unverified)
124.220.49.74,Possible Viper IP (Unverified)
124.220.58.73,Possible Viper IP (Unverified)
124.220.74.14,Possible Viper IP (Unverified)
124.221.108.177,Possible Supershell IP (Unverified)
124.221.115.51,Possible Viper IP (Unverified)
124.221.12.53,Possible Viper IP (Unverified)
124.221.133.56,Possible Viper IP (Unverified)
124.221.15.219,Possible Supershell IP (Unverified)
124.221.153.250,Possible Viper IP (Unverified)
124.221.16.94,Possible Supershell IP (Unverified)
124.221.214.132,Possible Supershell IP (Unverified)
124.221.23.101,Possible Viper IP (Unverified)
124.221.50.188,Possible Supershell IP (Unverified)
124.221.66.51,Possible Viper IP (Unverified)
124.221.78.9,Possible Supershell IP (Unverified)
124.221.85.42,Possible Viper IP (Unverified)
124.222.14.232,Possible Viper IP (Unverified)
124.222.173.45,Possible Viper IP (Unverified)
124.222.208.63,Possible Viper IP (Unverified)
124.222.215.77,Possible Viper IP (Unverified)
124.222.244.97,Possible Viper IP (Unverified)
124.222.40.141,Possible Supershell IP (Unverified)
124.222.5.128,Possible Supershell IP (Unverified)
124.222.63.238,Possible Viper IP (Unverified)
124.222.80.204,Possible Supershell IP (Unverified)
124.222.93.123,Possible Viper IP (Unverified)
124.223.110.215,Possible Viper IP (Unverified)
124.223.13.142,Possible Viper IP (Unverified)
124.223.14.29,Possible Viper IP (Unverified)
124.223.17.79,Possible Viper IP (Unverified)
124.223.170.107,Possible Supershell IP (Unverified)
124.223.187.73,Possible Viper IP (Unverified)
124.223.220.137,Possible Viper IP (Unverified)
124.223.34.106,Possible Viper IP (Unverified)
124.223.62.233,Possible Viper IP (Unverified)
124.223.64.107,Possible Viper IP (Unverified)
124.223.64.202,Possible Viper IP (Unverified)
124.70.13.125,Possible Supershell IP (Unverified)
124.70.158.176,Possible Supershell IP (Unverified)
124.70.18.96,Possible Viper IP (Unverified)
124.70.216.108,Possible Supershell IP (Unverified)
124.70.69.50,Possible Supershell IP (Unverified)
124.71.1.66,Possible Viper IP (Unverified)
124.71.152.140,Possible Viper IP (Unverified)
124.71.155.49,Possible Viper IP (Unverified)
124.71.171.238,Possible Viper IP (Unverified)
124.71.26.183,Possible Viper IP (Unverified)
124.71.84.65,Possible Viper IP (Unverified)
125.124.189.8,Possible Viper IP (Unverified)
125.209.114.181,Possible Qakbot IP (Unverified)
128.140.47.106,Possible Havoc IP (Unverified)
129.159.33.86,Possible Viper IP (Unverified)
129.159.88.174,Possible Deimos IP (Unverified)
129.211.30.174,Possible Viper IP (Unverified)
13.215.175.44,Possible Pupy RAT IP (Unverified)
13.215.227.78,Possible Bianlian Go Trojan IP (Unverified)
13.215.228.73,Possible Bianlian Go Trojan IP (Unverified)
13.230.94.200,Possible Brute Ratel C4 IP (Unverified)
13.39.125.197,Possible Responder IP (Unverified)
13.40.190.57,Possible Mythic IP (Unverified)
13.54.184.24,Possible Viper IP (Unverified)
13.59.168.154,Possible Bianlian Go Trojan IP (Unverified)
13.66.164.102,Possible Mythic IP (Unverified)
130.51.20.132,Possible Mythic IP (Unverified)
130.61.236.166,Possible Responder IP (Unverified)
132.226.173.162,Possible Viper IP (Unverified)
134.122.169.3,Possible Viper IP (Unverified)
134.122.39.118,Possible Pupy RAT IP (Unverified)
134.175.82.197,Possible Viper IP (Unverified)
134.195.198.40,Possible Havoc IP (Unverified)
134.209.101.105,Possible Pupy RAT IP (Unverified)
134.209.26.96,Possible Sliver IP (Unverified)
134.209.34.155,Possible Bianlian Go Trojan IP (Unverified)
134.79.106.208,Possible Deimos IP (Unverified)
134.79.106.212,Possible Deimos IP (Unverified)
134.79.106.213,Possible Deimos IP (Unverified)
134.79.129.112,Possible Deimos IP (Unverified)
134.79.129.122,Possible Deimos IP (Unverified)
134.79.129.123,Possible Deimos IP (Unverified)
134.79.129.88,Possible Deimos IP (Unverified)
134.79.129.96,Possible Deimos IP (Unverified)
136.144.254.191,Possible Mythic IP (Unverified)
136.232.179.26,Possible Qakbot IP (Unverified)
136.243.185.107,Possible Havoc IP (Unverified)
137.175.12.37,Possible Sliver IP (Unverified)
137.175.12.38,Possible Sliver IP (Unverified)
137.175.78.5,Possible Viper IP (Unverified)
137.184.219.41,Possible Pupy RAT IP (Unverified)
137.184.67.135,Possible Mythic IP (Unverified)
137.184.84.90,Possible Havoc IP (Unverified)
137.184.96.202,Possible Sliver IP (Unverified)
137.220.133.105,Possible Viper IP (Unverified)
138.197.156.131,Possible Mythic IP (Unverified)
138.197.202.47,Possible Responder IP (Unverified)
138.68.123.125,Possible Sliver IP (Unverified)
138.68.148.102,Possible Responder IP (Unverified)
138.68.149.85,Possible Sliver IP (Unverified)
138.68.174.88,Possible Havoc IP (Unverified)
138.68.69.79,Possible Havoc IP (Unverified)
139.144.19.118,Possible Mythic IP (Unverified)
139.144.27.201,Possible Sliver IP (Unverified)
139.144.79.120,Possible Viper IP (Unverified)
139.155.134.117,Possible Supershell IP (Unverified)
139.155.81.10,Possible Supershell IP (Unverified)
139.155.90.81,Possible Viper IP (Unverified)
139.155.94.177,Possible Viper IP (Unverified)
139.159.203.44,Possible Viper IP (Unverified)
139.159.236.228,Possible Supershell IP (Unverified)
139.162.138.252,Possible Responder IP (Unverified)
139.177.196.67,Possible Sliver IP (Unverified)
139.180.136.59,Possible Mythic IP (Unverified)
139.180.143.50,Possible DcRat IP (Unverified)
139.180.199.249,Possible Pupy RAT IP (Unverified)
139.180.200.155,Possible Supershell IP (Unverified)
139.196.124.59,Possible Viper IP (Unverified)
139.198.174.173,Possible Supershell IP (Unverified)
139.198.188.232,Possible Viper IP (Unverified)
139.199.212.224,Possible Supershell IP (Unverified)
139.224.11.79,Possible Viper IP (Unverified)
139.224.198.190,Possible Supershell IP (Unverified)
139.224.200.60,Possible Viper IP (Unverified)
139.224.62.94,Possible Viper IP (Unverified)
139.59.109.136,Possible Mythic IP (Unverified)
139.59.72.48,Possible Mythic IP (Unverified)
139.84.134.80,Possible Pupy RAT IP (Unverified)
139.84.135.87,Possible Viper IP (Unverified)
139.84.141.174,Possible Supershell IP (Unverified)
139.9.117.78,Possible Supershell IP (Unverified)
139.9.200.244,Possible Viper IP (Unverified)
139.9.75.217,Possible Viper IP (Unverified)
14.116.159.128,Possible Viper IP (Unverified)
14.19.159.171,Possible Pupy RAT IP (Unverified)
14.202.103.61,Possible Qakbot IP (Unverified)
14.29.193.58,Possible Viper IP (Unverified)
140.143.147.47,Possible Supershell IP (Unverified)
140.238.248.106,Possible Supershell IP (Unverified)
141.105.71.141,Possible Havoc IP (Unverified)
141.11.229.61,Possible Supershell IP (Unverified)
141.11.95.43,Possible Viper IP (Unverified)
141.164.35.25,Possible Viper IP (Unverified)
141.164.53.170,Possible Sliver IP (Unverified)
141.164.56.189,Possible Pikabot IP (Unverified)
141.164.60.2,Possible Viper IP (Unverified)
141.193.159.146,Possible Sliver IP (Unverified)
141.98.10.132,Possible DcRat IP (Unverified)
142.171.103.152,Possible Supershell IP (Unverified)
142.171.116.115,Possible Viper IP (Unverified)
142.171.158.253,Possible Supershell IP (Unverified)
142.171.165.110,Possible Viper IP (Unverified)
142.93.166.252,Possible Mythic IP (Unverified)
143.110.176.131,Possible Mythic IP (Unverified)
143.198.101.96,Possible Mythic IP (Unverified)
143.198.40.42,Possible Sliver IP (Unverified)
143.198.46.29,Possible Bianlian Go Trojan IP (Unverified)
143.42.74.25,Possible Pupy RAT IP (Unverified)
144.126.211.191,Possible Sliver IP (Unverified)
144.202.3.195,Possible Viper IP (Unverified)
144.34.161.203,Possible Supershell IP (Unverified)
144.91.125.52,Possible Viper IP (Unverified)
145.131.8.169,Possible Mythic IP (Unverified)
145.220.74.141,Possible Havoc IP (Unverified)
145.82.152.150,Possible Qakbot IP (Unverified)
146.190.32.151,Possible Viper IP (Unverified)
146.70.106.86,Possible Responder IP (Unverified)
147.182.137.253,Possible Covenant IP (Unverified)
147.182.251.155,Possible Responder IP (Unverified)
147.78.13.240,Possible Supershell IP (Unverified)
147.78.47.238,Possible Covenant IP (Unverified)
148.135.103.126,Possible Viper IP (Unverified)
148.135.109.215,Possible Viper IP (Unverified)
148.135.68.145,Possible Viper IP (Unverified)
148.135.95.95,Possible Supershell IP (Unverified)
149.102.143.96,Possible Havoc IP (Unverified)
149.104.18.121,Possible Viper IP (Unverified)
149.109.244.197,Possible Qakbot IP (Unverified)
149.129.178.71,Possible Supershell IP (Unverified)
149.154.158.199,Possible Bianlian Go Trojan IP (Unverified)
149.154.158.34,Possible Bianlian Go Trojan IP (Unverified)
149.248.14.201,Possible Bianlian Go Trojan IP (Unverified)
149.248.51.25,Possible Mythic IP (Unverified)
149.28.129.16,Possible Viper IP (Unverified)
149.28.187.247,Possible Responder IP (Unverified)
149.28.220.194,Possible Viper IP (Unverified)
149.28.251.203,Possible Brute Ratel C4 IP (Unverified)
149.56.109.219,Possible Mythic IP (Unverified)
149.74.159.67,Possible Qakbot IP (Unverified)
149.75.147.46,Possible Qakbot IP (Unverified)
149.88.80.151,Possible Viper IP (Unverified)
15.207.54.166,Possible DcRat IP (Unverified)
15.235.44.231,Possible Pikabot IP (Unverified)
15.235.45.155,Possible Pikabot IP (Unverified)
15.235.47.80,Possible Pikabot IP (Unverified)
150.107.2.9,Possible Supershell IP (Unverified)
150.136.90.238,Possible Covenant IP (Unverified)
150.158.13.245,Possible Viper IP (Unverified)
150.158.137.72,Possible Viper IP (Unverified)
150.158.138.113,Possible Viper IP (Unverified)
150.158.162.113,Possible Viper IP (Unverified)
150.158.181.243,Possible Viper IP (Unverified)
150.158.25.152,Possible Viper IP (Unverified)
150.158.31.222,Possible Viper IP (Unverified)
150.158.35.233,Possible Viper IP (Unverified)
150.158.36.50,Possible Viper IP (Unverified)
150.158.40.14,Possible Viper IP (Unverified)
150.158.41.176,Possible Viper IP (Unverified)
150.158.92.16,Possible Supershell IP (Unverified)
151.236.22.64,Possible Bianlian Go Trojan IP (Unverified)
151.236.8.237,Possible Bianlian Go Trojan IP (Unverified)
151.237.76.117,Possible Qakbot IP (Unverified)
151.30.39.68,Possible Qakbot IP (Unverified)
151.48.190.104,Possible Qakbot IP (Unverified)
152.136.109.106,Possible Viper IP (Unverified)
152.136.128.162,Possible Supershell IP (Unverified)
152.136.143.158,Possible Viper IP (Unverified)
152.136.149.124,Possible Viper IP (Unverified)
152.136.174.227,Possible Viper IP (Unverified)
152.136.35.240,Possible Viper IP (Unverified)
152.136.52.129,Possible Viper IP (Unverified)
152.70.165.103,Possible Deimos IP (Unverified)
153.127.33.186,Possible Deimos IP (Unverified)
153.94.75.179,Possible Qakbot IP (Unverified)
154.12.81.151,Possible Viper IP (Unverified)
154.12.81.213,Possible Viper IP (Unverified)
154.202.59.107,Possible Pupy RAT IP (Unverified)
154.202.59.148,Possible Pupy RAT IP (Unverified)
154.202.59.194,Possible Pupy RAT IP (Unverified)
154.202.59.98,Possible Pupy RAT IP (Unverified)
154.204.35.128,Possible Supershell IP (Unverified)
154.204.35.13,Possible Supershell IP (Unverified)
154.204.35.132,Possible Supershell IP (Unverified)
154.204.35.82,Possible Supershell IP (Unverified)
154.204.35.83,Possible Supershell IP (Unverified)
154.204.59.208,Possible Supershell IP (Unverified)
154.214.126.12,Possible Viper IP (Unverified)
154.221.17.44,Possible Viper IP (Unverified)
154.222.227.127,Possible Supershell IP (Unverified)
154.246.142.0,Possible Qakbot IP (Unverified)
154.246.187.75,Possible Qakbot IP (Unverified)
154.247.162.40,Possible Qakbot IP (Unverified)
154.247.17.83,Possible Qakbot IP (Unverified)
154.247.78.2,Possible Qakbot IP (Unverified)
154.3.1.226,Possible Supershell IP (Unverified)
154.3.32.249,Possible Supershell IP (Unverified)
154.38.113.75,Possible DcRat IP (Unverified)
154.38.161.223,Possible Sliver IP (Unverified)
154.39.150.181,Possible Supershell IP (Unverified)
154.40.45.92,Possible Supershell IP (Unverified)
154.53.42.53,Possible DcRat IP (Unverified)
154.61.75.156,Possible Pikabot IP (Unverified)
154.7.99.15,Possible Bianlian Go Trojan IP (Unverified)
154.8.193.47,Possible Supershell IP (Unverified)
154.8.197.200,Possible Viper IP (Unverified)
154.8.205.42,Possible Viper IP (Unverified)
154.82.92.47,Possible Viper IP (Unverified)
154.9.231.194,Possible Viper IP (Unverified)
154.9.249.166,Possible Supershell IP (Unverified)
154.9.253.55,Possible Viper IP (Unverified)
154.90.57.191,Possible Viper IP (Unverified)
154.91.85.240,Possible Viper IP (Unverified)
154.92.19.139,Possible Pikabot IP (Unverified)
155.94.133.104,Possible Supershell IP (Unverified)
156.224.22.198,Possible Supershell IP (Unverified)
156.224.26.138,Possible Supershell IP (Unverified)
156.240.108.109,Possible DcRat IP (Unverified)
156.245.11.145,Possible Supershell IP (Unverified)
156.245.11.169,Possible Supershell IP (Unverified)
156.245.11.249,Possible Supershell IP (Unverified)
156.245.136.161,Possible Viper IP (Unverified)
157.230.234.168,Possible Sliver IP (Unverified)
157.245.142.4,Possible Havoc IP (Unverified)
157.245.155.179,Possible Pupy RAT IP (Unverified)
157.245.48.209,Possible Bianlian Go Trojan IP (Unverified)
157.245.55.19,Possible Havoc IP (Unverified)
157.254.236.111,Possible Covenant IP (Unverified)
157.90.129.60,Possible Covenant IP (Unverified)
158.160.74.251,Possible Havoc IP (Unverified)
158.247.216.122,Possible Viper IP (Unverified)
158.247.238.231,Possible Sliver IP (Unverified)
158.255.213.74,Possible Responder IP (Unverified)
159.138.56.8,Possible Supershell IP (Unverified)
159.203.124.88,Possible Pupy RAT IP (Unverified)
159.223.13.132,Possible Responder IP (Unverified)
159.223.234.22,Possible Mythic IP (Unverified)
159.65.168.135,Possible Havoc IP (Unverified)
159.65.235.56,Possible DcRat IP (Unverified)
159.75.138.102,Possible Viper IP (Unverified)
159.75.70.33,Possible Viper IP (Unverified)
159.75.91.140,Possible Viper IP (Unverified)
159.89.191.115,Possible Mythic IP (Unverified)
16.16.162.142,Possible Brute Ratel C4 IP (Unverified)
16.162.91.105,Possible Pupy RAT IP (Unverified)
16.171.54.181,Possible Havoc IP (Unverified)
16.171.56.119,Possible Havoc IP (Unverified)
161.189.238.234,Possible Deimos IP (Unverified)
161.35.184.135,Possible Mythic IP (Unverified)
161.35.25.219,Possible Havoc IP (Unverified)
162.14.107.218,Possible Supershell IP (Unverified)
162.14.107.239,Possible Viper IP (Unverified)
162.14.107.61,Possible Supershell IP (Unverified)
162.14.116.65,Possible Viper IP (Unverified)
162.14.125.5,Possible Viper IP (Unverified)
162.14.209.70,Possible Viper IP (Unverified)
162.14.81.81,Possible Viper IP (Unverified)
162.14.83.232,Possible Viper IP (Unverified)
162.244.83.217,Possible Bianlian Go Trojan IP (Unverified)
162.62.117.155,Possible Viper IP (Unverified)
163.172.234.31,Possible Havoc IP (Unverified)
163.177.79.82,Possible Bianlian Go Trojan IP (Unverified)
163.197.211.60,Possible Viper IP (Unverified)
163.197.211.75,Possible Viper IP (Unverified)
163.197.217.129,Possible Viper IP (Unverified)
163.197.246.68,Possible Viper IP (Unverified)
163.197.247.175,Possible Supershell IP (Unverified)
163.197.247.252,Possible Viper IP (Unverified)
163.53.216.216,Possible Viper IP (Unverified)
164.90.158.199,Possible Mythic IP (Unverified)
164.90.162.240,Possible Havoc IP (Unverified)
164.92.145.128,Possible Brute Ratel C4 IP (Unverified)
164.92.83.74,Possible Covenant IP (Unverified)
165.154.161.150,Possible Viper IP (Unverified)
165.154.57.87,Possible Viper IP (Unverified)
165.22.0.181,Possible Mythic IP (Unverified)
165.22.184.182,Possible Havoc IP (Unverified)
165.227.204.151,Possible Sliver IP (Unverified)
165.227.230.18,Possible Sliver IP (Unverified)
165.227.231.125,Possible Sliver IP (Unverified)
165.232.108.62,Possible Responder IP (Unverified)
165.232.174.143,Possible Mythic IP (Unverified)
167.172.136.176,Possible Mythic IP (Unverified)
167.179.103.206,Possible Pikabot IP (Unverified)
167.179.108.80,Possible Supershell IP (Unverified)
167.56.65.55,Possible Qakbot IP (Unverified)
167.99.137.218,Possible Brute Ratel C4 IP (Unverified)
167.99.206.136,Possible Covenant IP (Unverified)
168.100.10.213,Possible Havoc IP (Unverified)
168.100.11.139,Possible Havoc IP (Unverified)
168.119.88.236,Possible Bianlian Go Trojan IP (Unverified)
169.239.128.187,Possible Viper IP (Unverified)
170.178.201.212,Possible Mythic IP (Unverified)
170.39.194.124,Possible Viper IP (Unverified)
172.104.206.233,Possible Mythic IP (Unverified)
172.104.97.100,Possible Viper IP (Unverified)
172.105.125.49,Possible Sliver IP (Unverified)
172.105.226.35,Possible Supershell IP (Unverified)
172.105.254.138,Possible Mythic IP (Unverified)
172.105.66.217,Possible Havoc IP (Unverified)
172.115.17.50,Possible Qakbot IP (Unverified)
172.162.233.190,Possible DcRat IP (Unverified)
172.190.93.64,Possible Viper IP (Unverified)
172.232.123.21,Possible Havoc IP (Unverified)
172.233.192.25,Possible Havoc IP (Unverified)
172.233.240.65,Possible Sliver IP (Unverified)
172.234.16.175,Possible Pikabot IP (Unverified)
172.245.126.188,Possible Viper IP (Unverified)
172.245.154.219,Possible Viper IP (Unverified)
172.245.205.21,Possible Viper IP (Unverified)
172.245.5.171,Possible Viper IP (Unverified)
172.245.81.206,Possible Supershell IP (Unverified)
172.245.92.84,Possible Mythic IP (Unverified)
172.77.204.25,Possible Qakbot IP (Unverified)
172.86.96.200,Possible Responder IP (Unverified)
172.91.3.194,Possible Qakbot IP (Unverified)
172.96.195.47,Possible Viper IP (Unverified)
173.182.152.69,Possible Qakbot IP (Unverified)
173.249.197.51,Possible Viper IP (Unverified)
173.249.201.243,Possible Viper IP (Unverified)
173.30.189.100,Possible Qakbot IP (Unverified)
173.82.206.125,Possible Supershell IP (Unverified)
173.88.135.179,Possible Qakbot IP (Unverified)
174.138.7.112,Possible Sliver IP (Unverified)
174.164.68.180,Possible Qakbot IP (Unverified)
174.63.232.185,Possible Qakbot IP (Unverified)
175.138.17.239,Possible Qakbot IP (Unverified)
175.178.112.8,Possible Viper IP (Unverified)
175.178.158.230,Possible Viper IP (Unverified)
175.178.226.60,Possible Viper IP (Unverified)
175.178.248.243,Possible Supershell IP (Unverified)
175.178.249.249,Possible Supershell IP (Unverified)
175.178.35.25,Possible Viper IP (Unverified)
175.178.76.77,Possible Viper IP (Unverified)
175.197.65.52,Possible Viper IP (Unverified)
175.24.175.89,Possible Viper IP (Unverified)
175.24.205.182,Possible Viper IP (Unverified)
175.24.33.207,Possible Viper IP (Unverified)
175.27.156.88,Possible Viper IP (Unverified)
176.119.30.73,Possible Bianlian Go Trojan IP (Unverified)
176.133.4.230,Possible Qakbot IP (Unverified)
176.142.207.63,Possible Qakbot IP (Unverified)
176.151.50.50,Possible Qakbot IP (Unverified)
176.224.131.213,Possible Qakbot IP (Unverified)
176.31.163.140,Possible Havoc IP (Unverified)
176.44.107.223,Possible Qakbot IP (Unverified)
176.92.103.90,Possible Qakbot IP (Unverified)
177.124.72.24,Possible Mythic IP (Unverified)
177.67.71.17,Possible Havoc IP (Unverified)
178.128.122.128,Possible Havoc IP (Unverified)
178.211.139.43,Possible Viper IP (Unverified)
178.33.168.52,Possible Deimos IP (Unverified)
178.54.187.54,Possible Covenant IP (Unverified)
179.13.2.154,Possible DcRat IP (Unverified)
179.158.101.198,Possible Qakbot IP (Unverified)
179.43.191.202,Possible Mythic IP (Unverified)
18.117.230.23,Possible Responder IP (Unverified)
18.118.134.58,Possible Responder IP (Unverified)
18.162.155.202,Possible Deimos IP (Unverified)
18.163.6.122,Possible Brute Ratel C4 IP (Unverified)
18.196.203.78,Possible Havoc IP (Unverified)
18.219.153.204,Possible Brute Ratel C4 IP (Unverified)
18.224.23.33,Possible Responder IP (Unverified)
180.102.25.46,Possible Viper IP (Unverified)
180.140.153.89,Possible Viper IP (Unverified)
180.141.201.23,Possible Viper IP (Unverified)
180.184.32.156,Possible Deimos IP (Unverified)
181.94.42.6,Possible Qakbot IP (Unverified)
182.42.93.29,Possible Viper IP (Unverified)
182.61.37.161,Possible Viper IP (Unverified)
182.92.130.250,Possible Viper IP (Unverified)
182.92.153.175,Possible Viper IP (Unverified)
182.92.234.147,Possible Viper IP (Unverified)
183.255.43.126,Possible Supershell IP (Unverified)
183.36.40.98,Possible Deimos IP (Unverified)
183.82.107.190,Possible Qakbot IP (Unverified)
184.16.79.167,Possible Qakbot IP (Unverified)
184.66.13.114,Possible Qakbot IP (Unverified)
185.117.90.224,Possible Mythic IP (Unverified)
185.141.63.166,Possible Mythic IP (Unverified)
185.142.98.14,Possible Deimos IP (Unverified)
185.158.251.88,Possible DcRat IP (Unverified)
185.158.94.217,Possible Mythic IP (Unverified)
185.165.169.117,Possible Havoc IP (Unverified)
185.17.40.153,Possible Sliver IP (Unverified)
185.171.120.183,Possible Supershell IP (Unverified)
185.171.120.49,Possible Supershell IP (Unverified)
185.186.245.34,Possible Sliver IP (Unverified)
185.187.169.34,Possible Mythic IP (Unverified)
185.193.125.118,Possible Havoc IP (Unverified)
185.193.125.140,Possible Havoc IP (Unverified)
185.196.8.91,Possible DcRat IP (Unverified)
185.198.122.11,Possible Qakbot IP (Unverified)
185.215.180.99,Possible Mythic IP (Unverified)
185.227.68.179,Possible Supershell IP (Unverified)
185.227.82.72,Possible Responder IP (Unverified)
185.228.1.237,Possible Supershell IP (Unverified)
185.239.48.57,Possible Sliver IP (Unverified)
185.43.222.183,Possible Mythic IP (Unverified)
185.81.68.90,Possible Supershell IP (Unverified)
186.182.15.91,Possible Qakbot IP (Unverified)
187.211.112.109,Possible Qakbot IP (Unverified)
187.213.192.166,Possible Qakbot IP (Unverified)
187.233.51.230,Possible Qakbot IP (Unverified)
188.116.22.196,Possible Viper IP (Unverified)
188.116.22.65,Possible Havoc IP (Unverified)
188.124.41.34,Possible Responder IP (Unverified)
188.127.227.207,Possible Sliver IP (Unverified)
188.166.72.93,Possible Brute Ratel C4 IP (Unverified)
188.34.130.46,Possible Bianlian Go Trojan IP (Unverified)
188.40.162.125,Possible Mythic IP (Unverified)
189.140.66.63,Possible Qakbot IP (Unverified)
189.177.16.50,Possible Qakbot IP (Unverified)
190.106.72.6,Possible Qakbot IP (Unverified)
190.133.226.233,Possible Qakbot IP (Unverified)
190.133.226.55,Possible Qakbot IP (Unverified)
190.28.101.208,Possible Qakbot IP (Unverified)
190.92.242.131,Possible Viper IP (Unverified)
192.119.68.243,Possible Pupy RAT IP (Unverified)
192.121.87.187,Possible Bianlian Go Trojan IP (Unverified)
192.144.211.13,Possible Havoc IP (Unverified)
192.153.57.227,Possible Havoc IP (Unverified)
192.169.7.17,Possible Pupy RAT IP (Unverified)
192.227.191.47,Possible Supershell IP (Unverified)
192.227.220.48,Possible Supershell IP (Unverified)
192.236.192.207,Possible Bianlian Go Trojan IP (Unverified)
192.248.153.47,Possible Mythic IP (Unverified)
192.3.39.32,Possible Viper IP (Unverified)
192.46.224.244,Possible Supershell IP (Unverified)
192.52.166.233,Possible Bianlian Go Trojan IP (Unverified)
192.53.171.76,Possible Havoc IP (Unverified)
192.74.254.207,Possible Bianlian Go Trojan IP (Unverified)
192.9.135.73,Possible Pikabot IP (Unverified)
192.99.10.207,Possible DcRat IP (Unverified)
193.108.4.76,Possible Responder IP (Unverified)
193.134.210.75,Possible Mythic IP (Unverified)
193.142.30.29,Possible Responder IP (Unverified)
193.149.129.190,Possible Supershell IP (Unverified)
193.168.145.73,Possible Covenant IP (Unverified)
193.31.28.88,Possible Bianlian Go Trojan IP (Unverified)
193.41.237.173,Possible Mythic IP (Unverified)
193.56.255.153,Possible Mythic IP (Unverified)
193.84.248.79,Possible Supershell IP (Unverified)
193.92.178.156,Possible Qakbot IP (Unverified)
194.104.146.24,Possible Supershell IP (Unverified)
194.113.226.58,Possible Viper IP (Unverified)
194.163.188.30,Possible Viper IP (Unverified)
194.169.175.238,Possible Havoc IP (Unverified)
194.171.96.118,Possible Mythic IP (Unverified)
194.195.113.220,Possible Havoc IP (Unverified)
194.87.68.191,Possible Sliver IP (Unverified)
194.87.69.132,Possible Supershell IP (Unverified)
195.128.235.20,Possible Bianlian Go Trojan IP (Unverified)
195.154.166.134,Possible Mythic IP (Unverified)
195.155.8.90,Possible Qakbot IP (Unverified)
195.189.99.90,Possible Mythic IP (Unverified)
195.2.71.181,Possible Sliver IP (Unverified)
195.74.225.69,Possible Qakbot IP (Unverified)
195.77.176.178,Possible Havoc IP (Unverified)
195.80.148.103,Possible Sliver IP (Unverified)
197.0.105.119,Possible Qakbot IP (Unverified)
197.0.121.2,Possible Qakbot IP (Unverified)
197.0.51.109,Possible Qakbot IP (Unverified)
197.14.72.24,Possible Qakbot IP (Unverified)
197.2.130.184,Possible Qakbot IP (Unverified)
198.148.112.58,Possible Havoc IP (Unverified)
198.148.120.72,Possible Viper IP (Unverified)
198.148.80.86,Possible Mythic IP (Unverified)
198.199.76.216,Possible Bianlian Go Trojan IP (Unverified)
198.211.99.78,Possible Supershell IP (Unverified)
198.23.196.215,Possible Viper IP (Unverified)
198.23.208.20,Possible Mythic IP (Unverified)
198.44.184.150,Possible Viper IP (Unverified)
198.46.149.44,Possible Viper IP (Unverified)
198.46.188.120,Possible Responder IP (Unverified)
198.52.107.201,Possible Viper IP (Unverified)
198.52.123.223,Possible Mythic IP (Unverified)
198.74.113.195,Possible Supershell IP (Unverified)
198.98.51.221,Possible Viper IP (Unverified)
198.98.62.146,Possible Viper IP (Unverified)
2.50.137.63,Possible Qakbot IP (Unverified)
2.50.16.113,Possible Qakbot IP (Unverified)
2.50.16.232,Possible Qakbot IP (Unverified)
2.88.154.237,Possible Qakbot IP (Unverified)
20.106.112.43,Possible Responder IP (Unverified)
20.119.98.226,Possible Responder IP (Unverified)
20.19.1.146,Possible Havoc IP (Unverified)
20.199.45.15,Possible DcRat IP (Unverified)
20.205.107.249,Possible Viper IP (Unverified)
20.220.86.194,Possible Havoc IP (Unverified)
20.221.250.187,Possible Responder IP (Unverified)
20.48.42.49,Possible Viper IP (Unverified)
20.55.94.241,Possible Havoc IP (Unverified)
20.94.83.139,Possible Havoc IP (Unverified)
201.137.203.252,Possible Qakbot IP (Unverified)
201.137.238.207,Possible Qakbot IP (Unverified)
201.244.108.183,Possible Qakbot IP (Unverified)
202.105.134.43,Possible Deimos IP (Unverified)
202.146.218.35,Possible DcRat IP (Unverified)
202.187.224.69,Possible Qakbot IP (Unverified)
202.79.168.65,Possible Viper IP (Unverified)
203.160.52.164,Possible Viper IP (Unverified)
204.13.154.239,Possible Deimos IP (Unverified)
204.44.87.225,Possible Viper IP (Unverified)
206.119.117.215,Possible Viper IP (Unverified)
206.119.172.87,Possible Viper IP (Unverified)
206.119.179.40,Possible Supershell IP (Unverified)
206.188.197.227,Possible Sliver IP (Unverified)
206.189.87.191,Possible Pupy RAT IP (Unverified)
206.233.135.134,Possible Viper IP (Unverified)
206.237.29.177,Possible Supershell IP (Unverified)
206.71.148.131,Possible Brute Ratel C4 IP (Unverified)
207.148.122.239,Possible Deimos IP (Unverified)
207.148.123.73,Possible Mythic IP (Unverified)
207.191.226.206,Possible Mythic IP (Unverified)
208.115.220.176,Possible Havoc IP (Unverified)
208.123.119.123,Possible Bianlian Go Trojan IP (Unverified)
208.123.119.222,Possible Sliver IP (Unverified)
208.180.17.32,Possible Qakbot IP (Unverified)
208.82.44.197,Possible Qakbot IP (Unverified)
209.141.62.122,Possible Viper IP (Unverified)
209.222.17.15,Possible Responder IP (Unverified)
210.37.80.217,Possible Viper IP (Unverified)
211.159.166.52,Possible Viper IP (Unverified)
211.195.139.168,Possible Qakbot IP (Unverified)
212.129.223.209,Possible Supershell IP (Unverified)
212.192.12.222,Possible DcRat IP (Unverified)
212.87.204.212,Possible Covenant IP (Unverified)
213.91.235.146,Possible Qakbot IP (Unverified)
216.118.230.114,Possible Supershell IP (Unverified)
216.118.230.115,Possible Supershell IP (Unverified)
216.118.230.116,Possible Supershell IP (Unverified)
216.118.230.117,Possible Supershell IP (Unverified)
216.118.230.118,Possible Supershell IP (Unverified)
216.131.22.236,Possible Qakbot IP (Unverified)
216.153.57.94,Possible Mythic IP (Unverified)
216.189.155.134,Possible Bianlian Go Trojan IP (Unverified)
216.238.108.203,Possible Responder IP (Unverified)
216.238.111.216,Possible Responder IP (Unverified)
216.238.78.86,Possible Bianlian Go Trojan IP (Unverified)
216.238.83.145,Possible Mythic IP (Unverified)
216.24.246.30,Possible Viper IP (Unverified)
217.165.14.70,Possible Qakbot IP (Unverified)
217.165.15.244,Possible Qakbot IP (Unverified)
217.165.235.169,Possible Qakbot IP (Unverified)
217.182.170.11,Possible Havoc IP (Unverified)
217.6.46.91,Possible Havoc IP (Unverified)
217.76.52.219,Possible Brute Ratel C4 IP (Unverified)
218.82.118.55,Possible Qakbot IP (Unverified)
220.130.28.152,Possible Deimos IP (Unverified)
220.137.153.238,Possible Supershell IP (Unverified)
220.79.237.55,Possible Qakbot IP (Unverified)
222.112.82.141,Possible Viper IP (Unverified)
222.65.177.80,Possible Qakbot IP (Unverified)
222.73.124.89,Possible Deimos IP (Unverified)
222.88.186.81,Possible Supershell IP (Unverified)
23.105.204.184,Possible Viper IP (Unverified)
23.105.212.241,Possible Viper IP (Unverified)
23.105.214.104,Possible Viper IP (Unverified)
23.105.218.197,Possible Viper IP (Unverified)
23.137.248.37,Possible Responder IP (Unverified)
23.152.0.64,Possible Bianlian Go Trojan IP (Unverified)
23.224.131.86,Possible Supershell IP (Unverified)
23.224.182.202,Possible Viper IP (Unverified)
23.224.182.203,Possible Viper IP (Unverified)
23.224.182.204,Possible Viper IP (Unverified)
23.224.182.205,Possible Viper IP (Unverified)
23.224.182.206,Possible Viper IP (Unverified)
23.225.116.3,Possible Viper IP (Unverified)
23.92.22.235,Possible Brute Ratel C4 IP (Unverified)
23.93.65.180,Possible Qakbot IP (Unverified)
23.95.216.185,Possible Viper IP (Unverified)
23.95.233.140,Possible Supershell IP (Unverified)
23.95.233.180,Possible Supershell IP (Unverified)
24.144.90.189,Possible Havoc IP (Unverified)
24.148.23.13,Possible Qakbot IP (Unverified)
24.187.255.114,Possible Qakbot IP (Unverified)
24.187.255.115,Possible Qakbot IP (Unverified)
24.187.255.116,Possible Qakbot IP (Unverified)
24.187.255.117,Possible Qakbot IP (Unverified)
24.199.106.201,Possible Havoc IP (Unverified)
24.255.174.187,Possible Qakbot IP (Unverified)
24.45.153.245,Possible Qakbot IP (Unverified)
2607:5501:3000:ad6:0:0:0:2,Possible Pupy RAT IP (Unverified)
3.109.108.143,Possible Bianlian Go Trojan IP (Unverified)
3.133.152.144,Possible Mythic IP (Unverified)
3.140.197.153,Possible Responder IP (Unverified)
3.144.150.19,Possible Responder IP (Unverified)
3.209.12.178,Possible Deimos IP (Unverified)
3.67.204.148,Possible Covenant IP (Unverified)
3.69.214.254,Possible Mythic IP (Unverified)
3.70.6.51,Possible Mythic IP (Unverified)
3.80.39.181,Possible Mythic IP (Unverified)
3.84.125.232,Possible Mythic IP (Unverified)
31.117.163.31,Possible Qakbot IP (Unverified)
31.117.18.15,Possible Qakbot IP (Unverified)
31.13.195.125,Possible Bianlian Go Trojan IP (Unverified)
31.167.145.12,Possible Qakbot IP (Unverified)
31.190.115.12,Possible Qakbot IP (Unverified)
31.190.242.89,Possible Qakbot IP (Unverified)
31.223.16.23,Possible Havoc IP (Unverified)
31.42.186.161,Possible Mythic IP (Unverified)
31.45.231.174,Possible Bianlian Go Trojan IP (Unverified)
34.116.228.55,Possible Havoc IP (Unverified)
34.124.211.197,Possible Covenant IP (Unverified)
34.140.146.194,Possible Covenant IP (Unverified)
34.151.215.152,Possible Responder IP (Unverified)
34.204.9.79,Possible Responder IP (Unverified)
34.206.208.220,Possible Mythic IP (Unverified)
34.207.174.202,Possible Bianlian Go Trojan IP (Unverified)
34.215.75.141,Possible Mythic IP (Unverified)
34.219.121.232,Possible Bianlian Go Trojan IP (Unverified)
34.224.40.221,Possible Havoc IP (Unverified)
34.232.77.201,Possible Havoc IP (Unverified)
34.235.167.187,Possible Mythic IP (Unverified)
34.237.94.238,Possible Mythic IP (Unverified)
34.81.252.215,Possible Deimos IP (Unverified)
34.87.124.185,Possible Viper IP (Unverified)
34.93.89.189,Possible Havoc IP (Unverified)
35.167.204.55,Possible Havoc IP (Unverified)
35.178.199.73,Possible Havoc IP (Unverified)
35.178.199.78,Possible Havoc IP (Unverified)
35.178.203.77,Possible Havoc IP (Unverified)
35.201.196.246,Possible Pupy RAT IP (Unverified)
35.212.172.98,Possible Sliver IP (Unverified)
35.220.154.238,Possible Pupy RAT IP (Unverified)
35.221.29.34,Possible Havoc IP (Unverified)
35.225.155.204,Possible Mythic IP (Unverified)
35.226.174.151,Possible Havoc IP (Unverified)
35.232.112.155,Possible Sliver IP (Unverified)
35.241.106.118,Possible Pupy RAT IP (Unverified)
35.246.116.51,Possible Responder IP (Unverified)
35.73.40.176,Possible Brute Ratel C4 IP (Unverified)
35.78.65.63,Possible Viper IP (Unverified)
35.87.234.204,Possible Mythic IP (Unverified)
35.88.175.159,Possible Responder IP (Unverified)
35.93.4.222,Possible Responder IP (Unverified)
36.111.166.231,Possible Viper IP (Unverified)
36.137.213.118,Possible Viper IP (Unverified)
37.119.57.195,Possible Brute Ratel C4 IP (Unverified)
37.139.20.46,Possible Responder IP (Unverified)
37.14.229.220,Possible Qakbot IP (Unverified)
37.186.54.172,Possible Qakbot IP (Unverified)
37.210.162.30,Possible Qakbot IP (Unverified)
37.49.230.199,Possible Supershell IP (Unverified)
37.6.55.225,Possible Qakbot IP (Unverified)
37.97.193.130,Possible Qakbot IP (Unverified)
37.97.228.227,Possible Responder IP (Unverified)
38.147.172.103,Possible Viper IP (Unverified)
38.147.172.79,Possible Supershell IP (Unverified)
38.181.25.62,Possible Supershell IP (Unverified)
38.242.132.121,Possible Havoc IP (Unverified)
38.242.139.217,Possible DcRat IP (Unverified)
38.47.124.83,Possible Supershell IP (Unverified)
38.54.40.156,Possible Supershell IP (Unverified)
38.54.57.79,Possible Supershell IP (Unverified)
38.6.163.11,Possible Supershell IP (Unverified)
38.6.173.33,Possible Viper IP (Unverified)
38.6.184.125,Possible Supershell IP (Unverified)
38.6.216.13,Possible Supershell IP (Unverified)
39.100.79.80,Possible Supershell IP (Unverified)
39.100.87.25,Possible Havoc IP (Unverified)
39.101.122.213,Possible Supershell IP (Unverified)
39.103.150.56,Possible Supershell IP (Unverified)
39.104.20.54,Possible Viper IP (Unverified)
39.105.121.115,Possible Viper IP (Unverified)
39.105.5.221,Possible Viper IP (Unverified)
39.106.141.206,Possible Viper IP (Unverified)
39.106.36.96,Possible Deimos IP (Unverified)
39.107.93.206,Possible Viper IP (Unverified)
39.108.114.127,Possible Viper IP (Unverified)
39.108.154.219,Possible Viper IP (Unverified)
39.40.157.96,Possible Qakbot IP (Unverified)
39.40.185.182,Possible Qakbot IP (Unverified)
39.98.180.254,Possible Viper IP (Unverified)
39.98.62.58,Possible Viper IP (Unverified)
39.99.154.30,Possible Viper IP (Unverified)
4.180.20.2,Possible Havoc IP (Unverified)
4.193.233.245,Possible Supershell IP (Unverified)
4.224.84.20,Possible Supershell IP (Unverified)
40.117.129.162,Possible Havoc IP (Unverified)
41.227.120.207,Possible Qakbot IP (Unverified)
41.227.68.39,Possible Qakbot IP (Unverified)
41.38.97.237,Possible Qakbot IP (Unverified)
41.62.219.196,Possible Qakbot IP (Unverified)
41.96.101.186,Possible Qakbot IP (Unverified)
42.192.211.60,Possible Viper IP (Unverified)
42.192.233.229,Possible Supershell IP (Unverified)
42.192.90.239,Possible Viper IP (Unverified)
42.193.160.136,Possible Viper IP (Unverified)
42.193.17.127,Possible Supershell IP (Unverified)
42.193.178.194,Possible Viper IP (Unverified)
42.193.52.56,Possible Viper IP (Unverified)
42.194.134.61,Possible Viper IP (Unverified)
42.194.178.221,Possible Supershell IP (Unverified)
42.194.190.162,Possible Viper IP (Unverified)
42.194.192.253,Possible Viper IP (Unverified)
42.194.226.38,Possible Viper IP (Unverified)
42.51.45.241,Possible Viper IP (Unverified)
43.128.85.89,Possible Supershell IP (Unverified)
43.128.88.112,Possible Supershell IP (Unverified)
43.131.245.127,Possible Sliver IP (Unverified)
43.132.237.202,Possible Viper IP (Unverified)
43.133.231.48,Possible Sliver IP (Unverified)
43.134.77.110,Possible Viper IP (Unverified)
43.135.1.12,Possible Viper IP (Unverified)
43.135.138.227,Possible Havoc IP (Unverified)
43.135.163.36,Possible Havoc IP (Unverified)
43.136.166.140,Possible Viper IP (Unverified)
43.136.171.160,Possible Viper IP (Unverified)
43.136.235.58,Possible Viper IP (Unverified)
43.138.107.242,Possible Viper IP (Unverified)
43.138.143.146,Possible Viper IP (Unverified)
43.138.159.166,Possible Viper IP (Unverified)
43.138.179.199,Possible Viper IP (Unverified)
43.138.181.49,Possible Viper IP (Unverified)
43.138.182.38,Possible Viper IP (Unverified)
43.138.195.98,Possible Viper IP (Unverified)
43.138.212.90,Possible Viper IP (Unverified)
43.138.235.42,Possible Viper IP (Unverified)
43.138.25.144,Possible Supershell IP (Unverified)
43.138.30.109,Possible Viper IP (Unverified)
43.138.39.212,Possible Viper IP (Unverified)
43.138.46.20,Possible Viper IP (Unverified)
43.138.51.97,Possible Viper IP (Unverified)
43.139.167.77,Possible Viper IP (Unverified)
43.139.168.217,Possible Viper IP (Unverified)
43.139.190.82,Possible Viper IP (Unverified)
43.139.225.42,Possible Supershell IP (Unverified)
43.139.227.213,Possible Viper IP (Unverified)
43.139.241.58,Possible Bianlian Go Trojan IP (Unverified)
43.139.249.124,Possible Supershell IP (Unverified)
43.139.42.219,Possible Viper IP (Unverified)
43.139.9.72,Possible Viper IP (Unverified)
43.143.107.163,Possible Viper IP (Unverified)
43.143.123.81,Possible Viper IP (Unverified)
43.143.138.7,Possible Viper IP (Unverified)
43.143.166.173,Possible Supershell IP (Unverified)
43.143.215.220,Possible Viper IP (Unverified)
43.143.230.92,Possible Viper IP (Unverified)
43.143.246.38,Possible Supershell IP (Unverified)
43.143.56.207,Possible Viper IP (Unverified)
43.143.62.167,Possible Viper IP (Unverified)
43.143.87.41,Possible Viper IP (Unverified)
43.143.95.143,Possible Viper IP (Unverified)
43.154.112.87,Possible Pupy RAT IP (Unverified)
43.159.49.100,Possible Supershell IP (Unverified)
43.163.196.51,Possible Viper IP (Unverified)
43.198.73.212,Possible Deimos IP (Unverified)
43.230.161.37,Possible Sliver IP (Unverified)
43.249.8.44,Possible DcRat IP (Unverified)
43.249.8.99,Possible Supershell IP (Unverified)
44.202.151.94,Possible Havoc IP (Unverified)
44.224.46.16,Possible Covenant IP (Unverified)
45.11.47.243,Possible Supershell IP (Unverified)
45.12.2.103,Possible Sliver IP (Unverified)
45.12.221.10,Possible DcRat IP (Unverified)
45.120.52.106,Possible Sliver IP (Unverified)
45.120.52.149,Possible Sliver IP (Unverified)
45.133.238.221,Possible Mythic IP (Unverified)
45.134.174.99,Possible Bianlian Go Trojan IP (Unverified)
45.134.83.58,Possible Viper IP (Unverified)
45.136.15.43,Possible Viper IP (Unverified)
45.136.6.21,Possible Covenant IP (Unverified)
45.137.118.181,Possible Mythic IP (Unverified)
45.138.16.248,Possible Havoc IP (Unverified)
45.144.138.129,Possible Supershell IP (Unverified)
45.145.228.177,Possible Supershell IP (Unverified)
45.145.229.203,Possible Supershell IP (Unverified)
45.148.244.206,Possible Viper IP (Unverified)
45.152.114.93,Possible Sliver IP (Unverified)
45.152.66.115,Possible Viper IP (Unverified)
45.152.66.136,Possible Viper IP (Unverified)
45.152.66.151,Possible Supershell IP (Unverified)
45.155.37.101,Possible Sliver IP (Unverified)
45.195.54.195,Possible DcRat IP (Unverified)
45.205.3.120,Possible Viper IP (Unverified)
45.207.39.212,Possible Viper IP (Unverified)
45.207.53.224,Possible Supershell IP (Unverified)
45.227.255.34,Possible Sliver IP (Unverified)
45.243.214.108,Possible Qakbot IP (Unverified)
45.251.240.111,Possible Supershell IP (Unverified)
45.32.140.39,Possible Pikabot IP (Unverified)
45.32.38.10,Possible Responder IP (Unverified)
45.32.42.214,Possible Supershell IP (Unverified)
45.42.215.229,Possible Supershell IP (Unverified)
45.42.215.230,Possible Supershell IP (Unverified)
45.45.219.141,Possible Bianlian Go Trojan IP (Unverified)
45.56.165.27,Possible Bianlian Go Trojan IP (Unverified)
45.56.165.30,Possible Bianlian Go Trojan IP (Unverified)
45.61.136.107,Possible Havoc IP (Unverified)
45.62.74.6,Possible Qakbot IP (Unverified)
45.65.51.130,Possible Qakbot IP (Unverified)
45.66.216.108,Possible Havoc IP (Unverified)
45.76.110.190,Possible Sliver IP (Unverified)
45.76.148.45,Possible Supershell IP (Unverified)
45.76.217.151,Possible Viper IP (Unverified)
45.77.221.80,Possible Sliver IP (Unverified)
45.77.68.13,Possible Pupy RAT IP (Unverified)
45.77.7.58,Possible Deimos IP (Unverified)
45.79.213.188,Possible Mythic IP (Unverified)
45.8.159.163,Possible Viper IP (Unverified)
45.80.151.49,Possible Bianlian Go Trojan IP (Unverified)
45.81.34.65,Possible Viper IP (Unverified)
45.82.78.76,Possible Viper IP (Unverified)
45.82.79.48,Possible Viper IP (Unverified)
45.86.163.188,Possible Bianlian Go Trojan IP (Unverified)
45.86.163.224,Possible Bianlian Go Trojan IP (Unverified)
45.89.55.81,Possible Brute Ratel C4 IP (Unverified)
45.9.148.192,Possible Responder IP (Unverified)
45.9.148.206,Possible Responder IP (Unverified)
45.92.156.93,Possible Responder IP (Unverified)
45.95.175.99,Possible Supershell IP (Unverified)
46.246.1.155,Possible Havoc IP (Unverified)
46.29.160.10,Possible Sliver IP (Unverified)
46.4.112.27,Possible Mythic IP (Unverified)
46.8.158.224,Possible Havoc IP (Unverified)
47.100.229.207,Possible Viper IP (Unverified)
47.100.240.145,Possible Supershell IP (Unverified)
47.101.190.20,Possible Viper IP (Unverified)
47.101.219.152,Possible Viper IP (Unverified)
47.102.110.41,Possible Viper IP (Unverified)
47.102.111.71,Possible Viper IP (Unverified)
47.103.205.56,Possible Mythic IP (Unverified)
47.103.49.39,Possible Viper IP (Unverified)
47.105.34.43,Possible Viper IP (Unverified)
47.106.149.179,Possible Supershell IP (Unverified)
47.108.106.199,Possible Viper IP (Unverified)
47.108.198.218,Possible Viper IP (Unverified)
47.108.254.239,Possible Viper IP (Unverified)
47.109.24.4,Possible Viper IP (Unverified)
47.109.83.50,Possible Viper IP (Unverified)
47.113.218.234,Possible Viper IP (Unverified)
47.113.224.170,Possible Viper IP (Unverified)
47.115.200.199,Possible Viper IP (Unverified)
47.115.201.35,Possible Viper IP (Unverified)
47.115.218.124,Possible Viper IP (Unverified)
47.115.225.234,Possible Viper IP (Unverified)
47.115.228.148,Possible Viper IP (Unverified)
47.116.79.214,Possible Viper IP (Unverified)
47.118.33.14,Possible Viper IP (Unverified)
47.120.35.131,Possible Supershell IP (Unverified)
47.16.64.215,Possible Qakbot IP (Unverified)
47.18.213.41,Possible Qakbot IP (Unverified)
47.181.12.202,Possible Qakbot IP (Unverified)
47.21.51.138,Possible Qakbot IP (Unverified)
47.22.21.180,Possible Qakbot IP (Unverified)
47.236.19.63,Possible Viper IP (Unverified)
47.242.95.207,Possible Supershell IP (Unverified)
47.243.189.152,Possible Sliver IP (Unverified)
47.243.240.115,Possible Supershell IP (Unverified)
47.243.248.83,Possible Viper IP (Unverified)
47.245.126.218,Possible Havoc IP (Unverified)
47.245.42.208,Possible Havoc IP (Unverified)
47.251.36.32,Possible Havoc IP (Unverified)
47.252.28.13,Possible Brute Ratel C4 IP (Unverified)
47.254.195.44,Possible Viper IP (Unverified)
47.6.243.7,Possible Qakbot IP (Unverified)
47.74.242.253,Possible Supershell IP (Unverified)
47.74.37.212,Possible Viper IP (Unverified)
47.88.14.60,Possible Supershell IP (Unverified)
47.92.138.71,Possible Viper IP (Unverified)
47.92.168.204,Possible Viper IP (Unverified)
47.92.84.59,Possible Viper IP (Unverified)
47.93.172.190,Possible Viper IP (Unverified)
47.93.33.71,Possible Viper IP (Unverified)
47.94.151.18,Possible Viper IP (Unverified)
47.94.158.69,Possible Supershell IP (Unverified)
47.94.20.209,Possible Viper IP (Unverified)
47.94.213.78,Possible Supershell IP (Unverified)
47.96.252.193,Possible Supershell IP (Unverified)
47.97.6.61,Possible Supershell IP (Unverified)
47.98.157.247,Possible Supershell IP (Unverified)
47.98.158.167,Possible Supershell IP (Unverified)
47.98.172.144,Possible Viper IP (Unverified)
47.99.120.46,Possible Viper IP (Unverified)
47.99.62.237,Possible Viper IP (Unverified)
49.113.72.95,Possible Viper IP (Unverified)
49.113.75.29,Possible Viper IP (Unverified)
49.113.77.13,Possible Viper IP (Unverified)
49.113.78.40,Possible Viper IP (Unverified)
49.12.207.253,Possible Responder IP (Unverified)
49.232.193.10,Possible Viper IP (Unverified)
49.232.196.197,Possible Viper IP (Unverified)
49.232.233.128,Possible Supershell IP (Unverified)
49.232.248.80,Possible Viper IP (Unverified)
49.233.117.156,Possible Viper IP (Unverified)
49.233.249.195,Possible Supershell IP (Unverified)
49.235.123.49,Possible Viper IP (Unverified)
49.245.116.127,Possible Qakbot IP (Unverified)
49.7.216.160,Possible Viper IP (Unverified)
49.73.42.88,Possible Viper IP (Unverified)
5.101.5.196,Possible Deimos IP (Unverified)
5.104.80.155,Possible Bianlian Go Trojan IP (Unverified)
5.14.207.99,Possible Qakbot IP (Unverified)
5.188.87.50,Possible Brute Ratel C4 IP (Unverified)
5.193.89.53,Possible Qakbot IP (Unverified)
5.252.176.198,Possible Mythic IP (Unverified)
5.255.119.163,Possible Supershell IP (Unverified)
5.45.118.168,Possible Responder IP (Unverified)
5.45.83.33,Possible Sliver IP (Unverified)
5.61.58.44,Possible Responder IP (Unverified)
50.116.54.138,Possible Pikabot IP (Unverified)
50.173.136.70,Possible Responder IP (Unverified)
50.173.136.89,Possible Responder IP (Unverified)
50.99.8.5,Possible Qakbot IP (Unverified)
51.136.18.109,Possible Responder IP (Unverified)
51.15.11.108,Possible Viper IP (Unverified)
51.15.165.186,Possible Sliver IP (Unverified)
51.15.195.71,Possible Havoc IP (Unverified)
51.158.102.199,Possible Mythic IP (Unverified)
51.158.107.162,Possible Havoc IP (Unverified)
51.178.81.117,Possible Sliver IP (Unverified)
51.195.232.97,Possible Pikabot IP (Unverified)
51.250.108.206,Possible Mythic IP (Unverified)
51.254.53.14,Possible Mythic IP (Unverified)
51.255.45.74,Possible Havoc IP (Unverified)
51.68.144.135,Possible Pikabot IP (Unverified)
51.68.147.114,Possible Pikabot IP (Unverified)
51.77.112.254,Possible Brute Ratel C4 IP (Unverified)
51.79.143.215,Possible Pikabot IP (Unverified)
51.81.201.194,Possible Sliver IP (Unverified)
52.12.216.60,Possible Responder IP (Unverified)
52.15.189.183,Possible Responder IP (Unverified)
52.15.200.151,Possible Havoc IP (Unverified)
52.151.252.137,Possible Havoc IP (Unverified)
52.186.179.225,Possible DcRat IP (Unverified)
52.196.231.84,Possible Supershell IP (Unverified)
52.232.197.207,Possible Mythic IP (Unverified)
52.234.252.120,Possible Mythic IP (Unverified)
54.150.47.200,Possible Brute Ratel C4 IP (Unverified)
54.168.147.222,Possible Mythic IP (Unverified)
54.171.28.181,Possible Responder IP (Unverified)
54.179.188.121,Possible Pupy RAT IP (Unverified)
54.193.91.232,Possible Bianlian Go Trojan IP (Unverified)
54.197.245.200,Possible Mythic IP (Unverified)
54.197.29.26,Possible Sliver IP (Unverified)
54.251.184.244,Possible Pupy RAT IP (Unverified)
54.93.236.31,Possible Havoc IP (Unverified)
58.186.75.42,Possible Qakbot IP (Unverified)
58.250.32.16,Possible Deimos IP (Unverified)
58.251.128.117,Possible Deimos IP (Unverified)
58.251.128.148,Possible Deimos IP (Unverified)
58.251.128.87,Possible Deimos IP (Unverified)
59.110.219.204,Possible Supershell IP (Unverified)
60.204.202.69,Possible Supershell IP (Unverified)
60.204.211.173,Possible Supershell IP (Unverified)
60.204.219.208,Possible Viper IP (Unverified)
60.204.240.191,Possible Viper IP (Unverified)
60.204.247.114,Possible Viper IP (Unverified)
60.251.145.96,Possible Viper IP (Unverified)
60.48.77.48,Possible Qakbot IP (Unverified)
60.54.212.189,Possible Qakbot IP (Unverified)
60.54.25.21,Possible Qakbot IP (Unverified)
61.75.17.84,Possible Viper IP (Unverified)
62.109.24.105,Possible Mythic IP (Unverified)
62.182.84.234,Possible Mythic IP (Unverified)
62.210.125.101,Possible Viper IP (Unverified)
62.233.50.25,Possible Covenant IP (Unverified)
62.234.11.31,Possible Viper IP (Unverified)
62.234.32.192,Possible Pupy RAT IP (Unverified)
62.234.4.68,Possible Viper IP (Unverified)
62.234.41.101,Possible Supershell IP (Unverified)
62.234.45.201,Possible Viper IP (Unverified)
62.234.55.111,Possible Supershell IP (Unverified)
62.234.60.192,Possible Viper IP (Unverified)
62.72.18.9,Possible Sliver IP (Unverified)
64.176.3.15,Possible Viper IP (Unverified)
64.176.45.237,Possible Viper IP (Unverified)
64.226.72.6,Possible Havoc IP (Unverified)
64.227.179.34,Possible Havoc IP (Unverified)
64.227.79.229,Possible Havoc IP (Unverified)
64.229.117.102,Possible Qakbot IP (Unverified)
64.254.19.142,Possible Deimos IP (Unverified)
64.31.63.82,Possible Mythic IP (Unverified)
64.32.30.205,Possible Supershell IP (Unverified)
64.46.22.26,Possible Qakbot IP (Unverified)
64.73.162.11,Possible Responder IP (Unverified)
65.109.103.227,Possible Mythic IP (Unverified)
65.109.166.117,Possible Bianlian Go Trojan IP (Unverified)
65.109.3.80,Possible Bianlian Go Trojan IP (Unverified)
65.109.86.55,Possible Covenant IP (Unverified)
65.185.148.247,Possible Qakbot IP (Unverified)
65.21.180.80,Possible Sliver IP (Unverified)
66.109.142.164,Possible Responder IP (Unverified)
66.112.211.69,Possible Viper IP (Unverified)
66.113.28.4,Possible Qakbot IP (Unverified)
66.135.11.244,Possible Viper IP (Unverified)
66.181.164.43,Possible Qakbot IP (Unverified)
66.191.69.18,Possible Qakbot IP (Unverified)
66.29.147.104,Possible Responder IP (Unverified)
66.29.147.128,Possible Responder IP (Unverified)
66.29.155.44,Possible Bianlian Go Trojan IP (Unverified)
66.55.159.57,Possible Viper IP (Unverified)
66.85.26.54,Possible Bianlian Go Trojan IP (Unverified)
66.85.92.234,Possible Mythic IP (Unverified)
66.94.109.152,Possible Havoc IP (Unverified)
67.205.151.31,Possible Mythic IP (Unverified)
67.207.81.170,Possible Mythic IP (Unverified)
67.60.147.240,Possible Qakbot IP (Unverified)
68.109.240.71,Possible Qakbot IP (Unverified)
68.160.236.23,Possible Qakbot IP (Unverified)
68.163.65.72,Possible Qakbot IP (Unverified)
68.183.152.119,Possible Mythic IP (Unverified)
68.183.207.200,Possible Sliver IP (Unverified)
68.183.60.125,Possible Mythic IP (Unverified)
69.133.162.35,Possible Qakbot IP (Unverified)
69.156.55.170,Possible Qakbot IP (Unverified)
69.92.218.150,Possible Qakbot IP (Unverified)
69.92.218.219,Possible Qakbot IP (Unverified)
70.121.156.34,Possible Qakbot IP (Unverified)
70.174.49.244,Possible Qakbot IP (Unverified)
70.177.91.236,Possible Qakbot IP (Unverified)
70.28.50.223,Possible Qakbot IP (Unverified)
70.29.101.16,Possible Qakbot IP (Unverified)
70.49.35.13,Possible Qakbot IP (Unverified)
70.64.77.115,Possible Qakbot IP (Unverified)
71.70.231.28,Possible Qakbot IP (Unverified)
72.132.174.169,Possible Qakbot IP (Unverified)
72.190.100.201,Possible Qakbot IP (Unverified)
72.44.76.52,Possible Viper IP (Unverified)
72.88.245.71,Possible Qakbot IP (Unverified)
73.200.219.143,Possible Qakbot IP (Unverified)
73.225.106.180,Possible Qakbot IP (Unverified)
73.67.49.77,Possible Qakbot IP (Unverified)
73.88.173.113,Possible Qakbot IP (Unverified)
74.12.145.206,Possible Qakbot IP (Unverified)
74.12.145.223,Possible Qakbot IP (Unverified)
74.12.146.52,Possible Qakbot IP (Unverified)
74.120.172.129,Possible Viper IP (Unverified)
74.207.242.75,Possible Havoc IP (Unverified)
74.48.30.78,Possible Supershell IP (Unverified)
74.48.31.182,Possible Supershell IP (Unverified)
74.48.60.99,Possible Supershell IP (Unverified)
74.48.78.38,Possible Supershell IP (Unverified)
74.56.145.215,Possible Qakbot IP (Unverified)
74.93.148.97,Possible Qakbot IP (Unverified)
75.134.206.177,Possible Qakbot IP (Unverified)
75.158.12.188,Possible Qakbot IP (Unverified)
75.98.154.19,Possible Qakbot IP (Unverified)
76.110.164.93,Possible Qakbot IP (Unverified)
76.138.97.245,Possible Qakbot IP (Unverified)
76.142.13.8,Possible Qakbot IP (Unverified)
76.16.49.134,Possible Qakbot IP (Unverified)
76.223.68.71,Possible Deimos IP (Unverified)
76.68.170.117,Possible Qakbot IP (Unverified)
77.101.173.162,Possible Qakbot IP (Unverified)
77.124.16.58,Possible Qakbot IP (Unverified)
77.223.122.145,Possible Havoc IP (Unverified)
77.74.208.123,Possible Havoc IP (Unverified)
77.91.124.111,Possible DcRat IP (Unverified)
78.111.99.46,Possible Bianlian Go Trojan IP (Unverified)
78.176.228.137,Possible Qakbot IP (Unverified)
78.180.99.106,Possible Qakbot IP (Unverified)
78.19.233.36,Possible Qakbot IP (Unverified)
78.192.109.105,Possible Qakbot IP (Unverified)
78.69.150.56,Possible Qakbot IP (Unverified)
78.82.143.154,Possible Qakbot IP (Unverified)
78.92.133.215,Possible Qakbot IP (Unverified)
78.97.123.229,Possible Qakbot IP (Unverified)
79.119.10.237,Possible Qakbot IP (Unverified)
79.130.51.242,Possible Qakbot IP (Unverified)
79.130.56.110,Possible Qakbot IP (Unverified)
79.137.203.215,Possible Bianlian Go Trojan IP (Unverified)
79.92.15.6,Possible Qakbot IP (Unverified)
8.129.77.150,Possible Deimos IP (Unverified)
8.130.109.15,Possible Viper IP (Unverified)
8.130.127.102,Possible Viper IP (Unverified)
8.130.128.17,Possible Viper IP (Unverified)
8.130.166.74,Possible Viper IP (Unverified)
8.130.24.188,Possible Viper IP (Unverified)
8.130.24.41,Possible Supershell IP (Unverified)
8.130.66.61,Possible Viper IP (Unverified)
8.134.152.147,Possible Viper IP (Unverified)
8.137.19.128,Possible Viper IP (Unverified)
8.140.178.180,Possible Viper IP (Unverified)
8.140.205.192,Possible Viper IP (Unverified)
8.143.2.128,Possible Viper IP (Unverified)
8.208.95.78,Possible Havoc IP (Unverified)
8.210.104.188,Possible Havoc IP (Unverified)
8.210.107.120,Possible Pupy RAT IP (Unverified)
8.210.134.250,Possible Supershell IP (Unverified)
8.210.53.160,Possible Viper IP (Unverified)
8.210.65.48,Possible Viper IP (Unverified)
8.216.64.102,Possible Viper IP (Unverified)
8.216.65.10,Possible Viper IP (Unverified)
8.216.65.180,Possible Viper IP (Unverified)
8.217.122.103,Possible Viper IP (Unverified)
8.217.13.6,Possible Havoc IP (Unverified)
8.217.200.158,Possible Supershell IP (Unverified)
8.217.217.243,Possible Deimos IP (Unverified)
8.217.92.212,Possible Supershell IP (Unverified)
8.218.26.114,Possible Deimos IP (Unverified)
80.192.52.128,Possible Qakbot IP (Unverified)
80.249.81.117,Possible Responder IP (Unverified)
80.78.22.31,Possible Havoc IP (Unverified)
80.78.24.47,Possible Havoc IP (Unverified)
81.154.154.248,Possible Qakbot IP (Unverified)
81.19.141.14,Possible Sliver IP (Unverified)
81.193.30.90,Possible Qakbot IP (Unverified)
81.68.159.196,Possible Viper IP (Unverified)
81.68.237.230,Possible Viper IP (Unverified)
81.68.253.21,Possible Viper IP (Unverified)
81.68.96.108,Possible Viper IP (Unverified)
81.68.98.217,Possible Supershell IP (Unverified)
81.69.222.99,Possible Viper IP (Unverified)
81.70.101.91,Possible Viper IP (Unverified)
81.70.204.117,Possible Viper IP (Unverified)
81.70.29.125,Possible Viper IP (Unverified)
81.70.5.157,Possible Viper IP (Unverified)
81.71.162.183,Possible Viper IP (Unverified)
81.71.68.50,Possible Supershell IP (Unverified)
82.156.10.245,Possible Viper IP (Unverified)
82.156.153.115,Possible Viper IP (Unverified)
82.156.154.129,Possible Viper IP (Unverified)
82.156.157.182,Possible Supershell IP (Unverified)
82.156.166.227,Possible Viper IP (Unverified)
82.156.188.211,Possible Viper IP (Unverified)
82.156.29.83,Possible Viper IP (Unverified)
82.156.8.240,Possible Viper IP (Unverified)
82.157.142.84,Possible Sliver IP (Unverified)
82.157.247.79,Possible Viper IP (Unverified)
82.157.67.48,Possible Viper IP (Unverified)
82.36.36.76,Possible Qakbot IP (Unverified)
83.110.196.111,Possible Qakbot IP (Unverified)
83.110.223.105,Possible Qakbot IP (Unverified)
83.114.60.6,Possible Qakbot IP (Unverified)
83.244.163.202,Possible Mythic IP (Unverified)
84.155.11.37,Possible Qakbot IP (Unverified)
84.215.202.8,Possible Qakbot IP (Unverified)
84.32.131.58,Possible Mythic IP (Unverified)
85.107.13.41,Possible Qakbot IP (Unverified)
85.13.118.11,Possible Bianlian Go Trojan IP (Unverified)
85.204.116.225,Possible Covenant IP (Unverified)
85.206.172.151,Possible Supershell IP (Unverified)
85.208.118.169,Possible Supershell IP (Unverified)
85.209.11.185,Possible Qakbot IP (Unverified)
85.215.218.19,Possible DcRat IP (Unverified)
85.84.114.251,Possible Qakbot IP (Unverified)
85.96.53.119,Possible Qakbot IP (Unverified)
85.97.84.158,Possible Qakbot IP (Unverified)
86.144.119.95,Possible Qakbot IP (Unverified)
86.177.13.103,Possible Qakbot IP (Unverified)
86.196.12.21,Possible Qakbot IP (Unverified)
86.207.26.60,Possible Qakbot IP (Unverified)
86.236.11.235,Possible Qakbot IP (Unverified)
86.236.114.212,Possible Qakbot IP (Unverified)
86.96.83.12,Possible Qakbot IP (Unverified)
86.98.21.129,Possible Qakbot IP (Unverified)
87.223.90.4,Possible Qakbot IP (Unverified)
87.247.185.109,Possible Bianlian Go Trojan IP (Unverified)
88.126.94.4,Possible Qakbot IP (Unverified)
88.214.25.253,Possible Mythic IP (Unverified)
88.214.25.36,Possible Havoc IP (Unverified)
88.229.79.182,Possible Qakbot IP (Unverified)
88.249.231.161,Possible Qakbot IP (Unverified)
88.253.72.6,Possible Qakbot IP (Unverified)
88.99.71.225,Possible Havoc IP (Unverified)
89.116.100.79,Possible Viper IP (Unverified)
89.116.246.177,Possible Viper IP (Unverified)
89.116.72.113,Possible Havoc IP (Unverified)
89.147.111.205,Possible Havoc IP (Unverified)
89.203.129.125,Possible Bianlian Go Trojan IP (Unverified)
89.223.66.195,Possible Mythic IP (Unverified)
89.23.107.110,Possible Bianlian Go Trojan IP (Unverified)
89.79.229.50,Possible Qakbot IP (Unverified)
90.119.132.253,Possible Qakbot IP (Unverified)
90.4.113.105,Possible Qakbot IP (Unverified)
90.4.65.117,Possible Qakbot IP (Unverified)
90.90.21.132,Possible Qakbot IP (Unverified)
90.93.86.137,Possible Qakbot IP (Unverified)
91.102.162.229,Possible Bianlian Go Trojan IP (Unverified)
91.107.234.213,Possible Mythic IP (Unverified)
91.142.73.118,Possible Sliver IP (Unverified)
91.149.203.236,Possible Pupy RAT IP (Unverified)
91.160.70.68,Possible Qakbot IP (Unverified)
91.206.178.75,Possible Sliver IP (Unverified)
91.207.183.26,Possible Mythic IP (Unverified)
91.254.151.136,Possible Qakbot IP (Unverified)
91.68.227.219,Possible Qakbot IP (Unverified)
91.92.128.248,Possible Sliver IP (Unverified)
91.92.255.32,Possible Havoc IP (Unverified)
92.118.189.178,Possible Pupy RAT IP (Unverified)
92.118.189.197,Possible Pupy RAT IP (Unverified)
92.177.137.131,Possible Qakbot IP (Unverified)
92.186.137.74,Possible Qakbot IP (Unverified)
92.191.244.29,Possible Qakbot IP (Unverified)
93.188.164.249,Possible Supershell IP (Unverified)
93.90.72.13,Possible Pupy RAT IP (Unverified)
93.95.229.168,Possible Sliver IP (Unverified)
93.95.229.192,Possible Sliver IP (Unverified)
93.95.230.215,Possible Sliver IP (Unverified)
94.102.49.176,Possible Mythic IP (Unverified)
94.102.59.188,Possible Responder IP (Unverified)
94.124.192.220,Possible DcRat IP (Unverified)
94.131.3.160,Possible Bianlian Go Trojan IP (Unverified)
94.131.98.34,Possible Bianlian Go Trojan IP (Unverified)
94.131.98.34,Possible Mythic IP (Unverified)
94.142.138.60,Possible Covenant IP (Unverified)
94.192.238.136,Possible Qakbot IP (Unverified)
94.237.24.72,Possible Responder IP (Unverified)
95.111.236.195,Possible Mythic IP (Unverified)
95.164.19.54,Possible Mythic IP (Unverified)
95.164.22.13,Possible Mythic IP (Unverified)
95.164.69.62,Possible Covenant IP (Unverified)
95.179.141.41,Possible Pikabot IP (Unverified)
95.179.157.228,Possible Bianlian Go Trojan IP (Unverified)
95.179.182.147,Possible Pikabot IP (Unverified)
95.214.26.66,Possible DcRat IP (Unverified)
95.214.26.67,Possible DcRat IP (Unverified)
95.214.26.88,Possible DcRat IP (Unverified)
95.214.26.89,Possible DcRat IP (Unverified)
95.216.206.17,Possible Pupy RAT IP (Unverified)
95.219.222.31,Possible Qakbot IP (Unverified)
95.76.193.223,Possible Qakbot IP (Unverified)
96.246.147.170,Possible Qakbot IP (Unverified)
96.248.1.183,Possible Qakbot IP (Unverified)
96.43.115.158,Possible Qakbot IP (Unverified)
96.43.81.32,Possible Supershell IP (Unverified)
97.80.93.207,Possible Qakbot IP (Unverified)
98.145.23.67,Possible Qakbot IP (Unverified)
98.5.43.51,Possible Qakbot IP (Unverified)
98.66.139.133,Possible Havoc IP (Unverified)
99.248.154.81,Possible Qakbot IP (Unverified)
